N-PSA,VNS1,VNS10,VNS30,B&BA,BN-PSA,BVNS30
553,553,553,553,575,553,553
456,456,456,456,613,456,456
437,437,437,437,439,437,437
752,752,751,751,1114,819,752
414,414,414,414,464,414,414
328,328,328,328,362,328,328
485,485,485,485,621,485,485
487,487,487,487,487,487,487
538,538,538,538,678,538,538
559,559,559,558,600,559,558
2630,2602,2602,2602,2658,2629,2602
2813,2813,2813,2813,2923,2813,2813
3279,3222,3222,3222,3681,3258,3222
3950,3937,3937,3937,4335,3937,3937
3321,3328,3286,3286,3510,3323,3286
2916,2916,2916,2916,3107,2935,2916
3024,3024,3024,3024,3212,3085,3024
3321,3321,3321,3321,3384,3321,3321
2863,2802,2802,2802,2822,2850,2802
3172,3172,3172,3172,3332,3203,3172
7278,7273,7273,7273,7400,7274,7273
8006,7973,7967,7967,8278,7984,7967
7175,7130,7130,7130,7162,7175,7130
7359,7277,7277,7277,7423,7418,7277
8114,7891,7906,7895,8220,8072,7891
7624,7452,7452,7452,7719,7530,7452
6945,6945,6945,6945,7004,6945,6945
7917,7905,7885,7885,8110,7916,7885
6851,6851,6851,6851,7189,6886,6851
7962,7746,7732,7742,7933,7822,7742
794,794,794,794,920,794,794
425,425,425,425,444,425,425
563,563,563,563,660,563,563
591,591,591,591,612,591,591
664,664,664,664,802,668,664
575,552,552,552,702,573,552
575,575,575,575,654,575,575
685,685,685,685,787,685,685
558,557,557,557,587,557,557
613,613,613,613,780,613,613
3096,3015,3015,3015,3214,3015,3015
3119,3115,3115,3115,3333,3119,3115
3515,3515,3515,3515,3758,3515,3515
3458,3384,3384,3384,3604,3492,3384
3448,3386,3386,3386,3536,3443,3386
3499,3428,3428,3428,3580,3436,3428
2932,2932,2932,2932,2940,2936,2932
3322,3295,3266,3266,3560,3309,3266
3439,3420,3420,3420,3648,3420,3420
2808,2792,2791,2791,2958,2806,2791
7815,7806,7806,7806,8084,7806,7806
7630,7554,7554,7554,8098,7561,7554
8673,8610,8592,8592,8917,8649,8592
7981,7941,7927,7927,8124,7973,7927
8020,7636,7614,7636,7886,7924,7614
8896,8857,8827,8794,9064,8887,8794
8952,8639,8631,8631,8844,8663,8631
7572,7554,7523,7533,7829,7591,7533
8563,8496,8496,8496,8620,8568,8496
7648,7455,7455,7455,7578,7474,7455
757,727,720,720,808,730,720
740,740,740,740,740,740,740
597,597,597,597,789,597,597
706,703,703,703,815,703,703
707,704,704,704,758,732,704
646,634,634,634,673,646,634
376,376,376,376,412,376,376
456,456,456,456,504,456,456
752,744,744,744,871,752,744
476,476,476,476,595,476,476
3142,3142,3142,3142,3395,3142,3142
3993,3913,3913,3913,4014,3915,3913
2703,2670,2670,2670,3287,2670,2670
3400,3299,3299,3299,3748,3367,3299
2876,2813,2813,2813,3151,2832,2813
2733,2724,2724,2724,2830,2724,2724
3134,3134,3134,3134,3380,3134,3134
3010,2993,2993,2993,3209,3010,2993
3395,3360,3360,3360,3505,3443,3360
3783,3733,3731,3731,3939,3886,3731
8521,8476,8476,8476,8618,8485,8476
8477,8416,8397,8397,8596,8458,8397
8281,8242,8228,8221,8496,8251,8221
7627,7608,7608,7608,7742,7630,7608
9096,8966,8966,8966,9480,9018,8966
8836,8817,8817,8817,9373,8823,8817
8131,8130,8128,8123,8406,8180,8122
8658,8653,8604,8604,8747,8877,8603
8766,8549,8549,8549,8829,8638,8549
8101,7912,7912,7912,8245,8123,7912
668,588,588,588,712,588,588
0,0,0,0,0,0,0
0,0,0,0,0,0,0
0,0,0,0,0,0,0
0,0,0,0,0,0,0
0,0,0,0,0,0,0
0,0,0,0,0,0,0
0,0,0,0,0,0,0
11,11,11,11,45,11,11
0,0,0,0,0,0,0
2196,2196,2196,2196,2756,2196,2196
476,476,476,476,518,476,476
1351,1328,1328,1328,1860,1352,1328
676,676,676,676,678,676,676
1343,1302,1302,1302,1751,1306,1302
1460,1434,1434,1434,1653,1499,1434
744,744,744,744,966,744,744
935,917,917,917,1226,917,917
1278,1278,1278,1278,1386,1337,1278
2451,2451,2451,2451,2790,2484,2451
6304,6223,6196,6212,6399,6436,6223
8445,8429,8425,8425,8564,8438,8425
10869,10865,10748,10748,11010,10941,10768
4669,4627,4608,4608,4799,4681,4608
6345,6267,6259,6259,6400,6281,6260
5837,5829,5807,5807,6217,5889,5815
6515,6530,6515,6515,6627,6583,6515
7041,6928,6899,6899,7186,7147,6899
7320,7320,7304,7304,7524,7400,7304
6320,6320,6320,6320,6320,6341,6320
96,96,96,96,119,96,96
33,33,33,33,38,33,33
0,0,0,0,0,0,0
6,6,6,6,6,6,6
0,0,0,0,0,0,0
0,0,0,0,0,0,0
0,0,0,0,1,0,0
0,0,0,0,0,0,0
0,0,0,0,0,0,0
0,0,0,0,0,0,0
1676,1580,1580,1580,2113,1580,1580
864,863,863,863,1054,864,863
1461,1461,1461,1461,1886,1461,1461
729,729,729,729,871,729,729
1561,1561,1561,1561,2079,1561,1561
1764,1759,1759,1759,2095,1759,1759
1281,1270,1270,1270,1973,1281,1270
2434,2434,2434,2434,3291,2437,2434
1641,1641,1641,1641,2070,1641,1641
1669,1641,1641,1641,2072,1641,1641
9171,9117,9101,9098,9328,9144,9101
4627,4627,4624,4627,5063,4687,4624
7880,7884,7840,7840,8149,8089,7840
8158,8073,8049,8049,8201,8110,8049
6795,6788,6788,6788,7007,6820,6788
5790,5664,5664,5664,5966,5811,5664
7368,7368,7368,7368,7404,7368,7368
6113,6034,6034,6034,6209,6038,6034
6633,6659,6633,6633,6943,6686,6633
7558,7438,7438,7438,7610,7486,7438
0,0,0,0,0,0,0
0,0,0,0,0,0,0
0,0,0,0,0,0,0
0,0,0,0,0,0,0
0,0,0,0,0,0,0
0,0,0,0,0,0,0
0,0,0,0,0,0,0
0,0,0,0,0,0,0
0,0,0,0,0,0,0
0,0,0,0,0,0,0
3144,3144,3144,3144,3163,3144,3144
701,701,701,701,847,701,701
2144,2124,2120,2120,2640,2138,2120
1099,1039,1039,1039,1245,1099,1039
1521,1516,1516,1516,1944,1521,1516
1098,1098,1089,1089,1633,1098,1089
1217,1224,1217,1217,1363,1273,1217
1540,1540,1540,1540,2151,1540,1540
1842,1834,1834,1834,1916,1857,1834
1054,1005,1005,1005,1564,1024,1005
6904,6904,6904,6904,7138,6904,6904
5825,5769,5769,5769,5913,5846,5769
6532,6401,6377,6392,6655,6438,6390
7084,6963,6922,6922,7405,7045,6922
8125,8125,8125,8116,8235,8116,8116
7291,7185,7180,7180,7387,7191,7180
8286,8233,8233,8233,8420,8358,8233
8000,7894,7840,7840,8305,7961,7840
6390,6390,6390,6390,6391,6390,6390
8245,8095,8095,8095,8764,8249,8095
0,0,0,0,0,0,0
0,0,0,0,0,0,0
0,0,0,0,0,0,0
0,0,0,0,0,0,0
0,0,0,0,0,0,0
0,0,0,0,0,0,0
0,0,0,0,0,0,0
0,0,0,0,0,0,0
0,0,0,0,0,0,0
0,0,0,0,0,0,0
346,346,346,346,776,346,346
13,13,13,13,13,13,13
260,260,260,260,371,260,260
0,0,0,0,0,0,0
136,136,136,136,286,136,136
716,710,710,710,1067,720,710
1323,1274,1272,1251,1630,1294,1243
30,30,30,30,30,30,30
1591,1591,1581,1571,2355,1603,1571
514,514,514,514,658,514,514
7836,7825,7825,7825,7966,7825,7825
4071,4064,4064,4064,4071,4064,4064
9161,9161,9161,9161,9193,9161,9161
6781,6645,6640,6640,6676,6646,6640
3348,3344,3309,3309,3799,3450,3309
6558,6558,6558,6558,6558,6705,6558
5207,5207,5207,5207,5338,5210,5207
7184,7167,7158,7158,7164,7158,7158
6488,6428,6428,6428,6587,6536,6428
7752,7707,7707,7707,7887,7737,7707
0,0,0,0,0,0,0
0,0,0,0,0,0,0
0,0,0,0,0,0,0
0,0,0,0,0,0,0
0,0,0,0,0,0,0
0,0,0,0,0,0,0
0,0,0,0,0,0,0
0,0,0,0,0,0,0
0,0,0,0,0,0,0
0,0,0,0,0,0,0
1461,1454,1454,1454,1813,1454,1454
16,16,16,16,16,16,16
30,30,30,30,44,30,30
811,811,811,811,1123,811,811
80,80,80,80,80,80,80
696,633,633,633,1573,633,633
0,0,0,0,0,0,0
2150,2069,2069,2069,2477,2159,2069
1039,1000,1000,1000,1513,1045,1000
267,255,255,255,511,258,255
5831,5803,5803,5803,5900,5844,5803
8953,8943,8943,8943,8953,8943,8943
7251,7110,7102,7108,7504,7176,7102
8436,8448,8429,8425,8462,8491,8429
7845,7837,7837,7837,7883,7837,7837
1365,1386,1365,1365,2209,1365,1365
4166,4122,4122,4122,4926,4238,4122
8275,8201,8214,8201,8286,8240,8201
6272,6265,6265,6265,6649,6272,6265
7251,7210,7186,7186,7328,7244,7206
0,0,0,0,0,0,0
0,0,0,0,0,0,0
0,0,0,0,0,0,0
0,0,0,0,0,0,0
0,0,0,0,0,0,0
0,0,0,0,0,0,0
0,0,0,0,0,0,0
0,0,0,0,0,0,0
0,0,0,0,0,0,0
0,0,0,0,0,0,0
404,387,359,359,359,359,359
157,155,155,155,176,157,155
0,0,0,0,0,0,0
674,674,674,674,810,680,673
20,15,15,15,17,15,15
1773,1773,1773,1773,1970,1773,1773
332,337,332,332,574,347,332
242,242,242,242,257,242,242
2423,2382,2364,2364,2438,2442,2364
4794,4670,4670,4670,5114,4670,4670
7451,7416,7412,7412,7489,7501,7412
5064,4984,4984,4984,5482,5077,4984
8489,8439,8439,8439,8627,8497,8439
6289,6263,6263,6263,6434,6300,6263
7227,7176,7176,7176,7182,7178,7176
5532,5532,5517,5517,6534,5530,5517
7445,7351,7351,7351,8124,7383,7351
9144,9114,9114,9114,9114,9214,9114
6755,6755,6755,6755,6897,6864,6755
8050,8036,8047,8036,8074,8062,8036
1294,1247,1247,1247,2058,1266,1247
1056,1056,1056,1056,1689,1056,1056
1588,1574,1574,1574,2333,1574,1574
1348,1263,1250,1250,1607,1389,1250
840,840,840,840,892,889,840
911,892,892,892,1585,911,892
1293,1214,1214,1214,1931,1351,1214
816,816,816,816,954,816,816
1022,1022,1022,1022,1491,1022,1022
989,978,978,978,1400,989,978
7577,7382,7382,7382,8687,7586,7382
7323,7260,7215,7215,7706,7269,7215
7031,7013,7012,6985,7897,7096,6985
6646,6621,6621,6621,7259,6646,6621
8899,8740,8762,8730,9022,8874,8734
6654,6555,6554,6533,7558,6641,6533
6568,6548,6548,6548,7005,6548,6548
7251,7155,7070,7070,8852,7281,7070
7080,7020,6936,6936,7727,7077,6936
8070,7946,7881,7889,8603,8013,7881
17522,17194,17034,17032,19273,17181,17034
19781,19710,19693,19664,20038,19969,19647
18768,18591,18453,18446,19385,18813,18373
18710,18418,18319,18317,19989,18648,18357
18725,18426,18416,18417,19613,18613,18434
22432,22022,21964,21901,23422,22228,21943
19997,19697,19654,19633,20865,20013,19644
18559,18570,18488,18473,19301,18813,18485
19958,19739,19733,19705,20940,19970,19705
16232,15922,15928,15907,17677,16343,15907
1449,1352,1352,1352,1977,1392,1352
1143,1143,1141,1141,1434,1143,1141
1135,1135,1135,1135,1174,1135,1135
1030,1030,1030,1030,1214,1030,1030
1036,1036,1036,1036,1336,1036,1036
1369,1369,1369,1369,2023,1369,1369
1112,1112,1112,1112,1494,1119,1112
1115,1115,1115,1115,1473,1115,1115
932,932,932,932,995,932,932
922,922,922,922,1276,945,922
8101,8107,8052,8052,8492,8196,8052
7715,7667,7572,7572,8407,7675,7572
7547,7512,7512,7512,8880,7597,7512
6386,6335,6335,6335,7040,6383,6335
8502,8450,8352,8352,9558,8504,8350
6729,6729,6729,6729,7076,6729,6729
6379,6379,6379,6379,7116,6379,6379
7798,7723,7730,7723,8189,7736,7723
7526,7544,7494,7488,8111,7554,7499
7689,7596,7596,7593,7850,7671,7596
18392,18227,18240,18227,19540,18361,18233
21112,20973,20872,20861,22049,21537,20837
21254,21094,21041,21009,22300,21285,21026
19505,19379,19282,19282,21051,19761,19282
20965,20491,20368,20431,21473,20724,20437
20257,20106,20038,20038,20626,20222,20038
19273,18905,18965,18886,19992,18975,18900
19332,19094,19074,19060,20262,19524,19060
19933,19901,19855,19855,20279,20009,19855
20522,20193,20103,20103,20902,20419,20103
1188,1188,1175,1175,1396,1261,1175
943,948,943,943,1229,974,943
1197,1091,1091,1091,1590,1091,1091
1727,1706,1706,1695,1880,1824,1695
1242,1215,1215,1215,1692,1215,1215
856,856,856,856,1235,856,856
1461,1461,1461,1461,1725,1461,1449
950,942,942,942,1027,942,942
905,905,905,905,1164,905,905
1071,1057,1057,1057,1344,1057,1057
7065,6941,6932,6914,7728,6956,6914
7612,7351,7340,7340,9073,7416,7340
7802,7595,7557,7557,8175,7672,7557
8491,8319,8197,8187,9262,8572,8187
7705,7575,7575,7557,8150,7655,7557
8303,8149,8110,8110,9233,8304,8116
8479,8411,8403,8403,9240,8405,8403
7529,7529,7529,7529,7912,7530,7529
6719,6662,6601,6601,7183,6809,6601
8194,8172,8170,8170,9062,8193,8170
21171,21005,20978,20992,22240,21308,20965
18647,18382,18243,18194,19755,18537,18191
21910,21804,21750,21662,22427,22155,21737
21013,20818,20743,20705,21645,20924,20713
19643,19566,19460,19499,20432,19791,19464
20039,19789,19725,19691,20529,19978,19681
19664,19454,19416,19414,20535,19669,19414
20195,20047,19996,19940,21170,20522,19951
23190,22757,22553,22540,23564,23058,22600
20407,19975,19969,19939,20854,20261,19955
0,0,0,0,0,0,0
0,0,0,0,0,0,0
0,0,0,0,0,0,0
0,0,0,0,0,0,0
0,0,0,0,0,0,0
0,0,0,0,0,0,0
0,0,0,0,0,0,0
0,0,0,0,0,0,0
0,0,0,0,0,0,0
0,0,0,0,0,0,0
1721,1721,1721,1721,2132,1721,1721
4389,4265,4265,4265,5347,4270,4265
2565,2402,2402,2402,3543,2406,2402
2111,2111,2111,2111,3065,2111,2111
2185,2049,2049,2049,3433,2160,2049
3377,3342,3342,3342,5313,3385,3342
1476,1476,1476,1476,2139,1505,1476
2157,2157,2157,2157,3248,2157,2157
916,916,916,916,1446,956,916
2500,2494,2494,2494,3833,2498,2494
15653,15382,15201,15265,16987,15492,15205
15498,15435,15358,15308,18443,15769,15304
10583,10516,10507,10462,11536,10597,10462
13020,12892,12889,12867,14792,13028,12852
12683,12565,12552,12546,15660,12640,12546
12788,12512,12512,12507,15207,12767,12507
12208,12218,12199,12079,14748,12181,12094
11345,10877,10799,10799,13467,11082,10799
13471,13099,12966,12984,15885,13192,12973
21132,20508,20450,20454,21940,20869,20484
0,0,0,0,0,0,0
0,0,0,0,0,0,0
0,0,0,0,0,0,0
0,0,0,0,0,0,0
0,0,0,0,0,0,0
0,0,0,0,0,0,0
0,0,0,0,0,0,0
0,0,0,0,0,0,0
0,0,0,0,0,0,0
0,0,0,0,0,0,0
3204,3163,3163,3163,4765,3271,3163
6273,6054,6049,6040,8999,6144,6040
3263,3239,3239,3239,4866,3270,3239
1529,1508,1508,1508,1869,1508,1508
3474,3404,3340,3340,5251,3462,3340
2716,2692,2680,2680,3935,2686,2680
3033,3045,3031,3031,6476,3160,3031
3801,3683,3665,3665,5762,3676,3665
2285,2276,2215,2215,3493,2305,2215
1767,1767,1767,1767,3114,1871,1767
14030,14017,14026,13963,16482,14277,13993
17401,17307,17301,17301,18134,17324,17301
17339,16899,16858,16785,18186,17353,16754
16703,16575,16466,16460,17636,16678,16460
16443,16233,16214,16217,17823,16481,16194
14818,14727,14489,14452,17372,14628,14439
13225,13036,12963,12951,16015,13138,12946
16977,16855,16784,16773,18429,17051,16773
16686,16698,16647,16624,18957,16832,16592
13392,13274,13269,13269,14560,13510,13269
0,0,0,0,0,0,0
0,0,0,0,0,0,0
0,0,0,0,42,0,0
0,0,0,0,0,0,0
0,0,0,0,0,0,0
0,0,0,0,0,0,0
0,0,0,0,0,0,0
0,0,0,0,0,0,0
0,0,0,0,0,0,0
0,0,0,0,0,0,0
2629,2512,2512,2512,4929,2811,2512
4050,3954,3940,3940,6388,4021,3940
1627,1627,1627,1627,2328,1627,1627
3390,3357,3327,3315,5989,3505,3319
5072,4821,4808,4808,8499,5039,4808
2094,2094,2094,2094,2844,2094,2094
2375,2321,2321,2321,3865,2392,2321
1570,1570,1570,1570,2294,1570,1570
1449,1439,1439,1439,2019,1439,1439
2952,2841,2841,2841,4739,3083,2841
16231,16132,16115,16097,18212,16239,16110
13156,13139,13093,13093,15275,13306,13075
14148,14167,14081,14074,16603,14367,14068
16308,15965,15930,15911,16989,16085,15930
12504,12524,12382,12370,13884,12757,12361
21882,21803,21741,21683,23976,22007,21697
15519,15405,15303,15309,18512,15486,15243
16322,16049,15889,15868,18078,16225,15911
14018,14002,14000,14000,16229,14002,13998
15121,15010,14934,14898,17678,15074,14939
0,0,0,0,0,0,0
0,0,0,0,0,0,0
0,0,0,0,0,0,0
0,0,0,0,0,0,0
0,0,0,0,0,0,0
0,0,0,0,0,0,0
0,0,0,0,0,0,0
0,0,0,0,0,0,0
0,0,0,0,0,0,0
0,0,0,0,0,0,0
71,93,71,71,94,71,71
1115,1115,1115,1115,1455,1115,1115
120,120,120,120,816,127,120
135,145,135,135,205,135,135
7662,7475,7407,7449,10850,7649,7447
1930,1928,1928,1928,3702,1928,1928
73,58,54,54,562,73,54
0,0,0,0,1,0,0
0,0,0,0,0,0,0
59,59,59,59,634,59,59
16388,16312,16282,16263,17229,16320,16250
16461,16315,16303,16303,17511,16417,16303
23869,23835,23804,23804,24761,23995,23804
12574,12535,12525,12531,14801,12586,12525
14057,13763,13749,13766,14710,14039,13749
11324,11079,11070,11070,14632,11520,11070
14118,14045,14021,14004,14948,14043,14004
11527,11282,11282,11271,14573,11338,11271
6873,6793,6654,6654,11185,6716,6654
10226,10201,10178,10178,12844,10197,10178
0,0,0,0,0,0,0
0,0,0,0,0,0,0
0,0,0,0,0,0,0
0,0,0,0,0,0,0
0,0,0,0,0,0,0
0,0,0,0,0,0,0
341,342,341,341,669,343,341
0,0,0,0,0,0,0
0,0,0,0,0,0,0
0,0,0,0,0,0,0
183,183,183,183,356,183,183
0,0,0,0,4,0,0
470,470,470,470,1409,483,470
5171,5142,5126,5126,7718,5232,5118
0,0,0,0,0,0,0
0,0,0,0,0,0,0
10,21,10,10,139,10,10
0,0,0,0,0,0,0
719,687,687,687,1873,705,687
0,0,0,0,0,0,0
14507,14195,14232,14187,15840,14262,14187
10903,10812,10764,10735,15092,10913,10737
24644,24465,24442,24428,25119,24620,24440
16807,16493,16416,16407,19472,16957,16270
26110,26066,25903,25854,26756,26203,25865
14645,14601,14539,14530,16570,14651,14530
10817,10807,10731,10691,12282,10979,10734
14233,14149,14149,14149,16870,14197,14149
25444,25093,25063,25063,26386,25169,25063
15541,15424,15407,15393,17024,15532,15400
0,0,0,0,0,0,0
0,0,0,0,0,0,0
0,0,0,0,0,0,0
0,0,0,0,0,0,0
0,0,0,0,0,0,0
0,0,0,0,0,0,0
0,0,0,0,0,0,0
0,0,0,0,0,0,0
0,0,0,0,0,0,0
0,0,0,0,0,0,0
2996,2979,3005,2979,4895,2973,3008
0,0,0,0,49,0,0
147,147,147,147,168,172,147
0,0,0,0,24,0,0
786,786,786,786,867,786,786
3607,3571,3571,3571,5943,3662,3571
723,690,690,690,967,716,690
0,0,0,0,0,0,0
0,0,0,0,0,0,0
0,0,0,0,0,0,0
15448,15231,15209,15116,17905,15481,15116
14095,13802,13761,13749,16345,13994,13740
14623,14486,14568,14522,17488,14651,14490
24365,23879,23730,23710,25299,24166,23716
20100,19998,19952,19951,21321,20075,19951
11020,11007,10964,10954,13933,11305,10954
20980,20889,20778,20768,22046,21007,20803
19501,19098,19088,19088,20892,19200,19088
11907,11628,11483,11483,14235,11755,11505
16527,16403,16358,16303,18277,16709,16262
2479,2450,2450,2450,4097,2510,2450
2053,2053,2053,2053,3227,2053,2053
2239,2203,2203,2203,3080,2220,2203
1862,1803,1803,1796,2385,1869,1803
2355,2339,2310,2310,3355,2358,2310
1801,1801,1801,1801,2557,1801,1801
2300,2300,2274,2274,2555,2300,2274
2628,2523,2523,2523,3492,2532,2523
1834,1834,1834,1834,2117,1834,1834
2153,2153,2153,2153,4728,2153,2153
15877,15752,15672,15672,17958,15778,15672
14870,14742,14541,14454,17315,14752,14473
17232,17049,16978,16949,20361,17227,16933
16292,15885,15820,15758,18699,15940,15824
16616,15955,15967,15878,16909,16020,15894
16364,16074,16056,16051,19271,16496,15982
16575,16268,16126,16102,18567,16486,16097
15620,15527,15419,15405,19237,15609,15405
16041,15851,15785,15761,18200,16064,15784
16598,16468,16360,16383,18622,16624,16360
46873,46333,46089,45978,50061,46713,45980
45549,45324,45270,45222,46828,45517,45265
48026,47717,47627,47561,50306,48279,47506
47980,47499,47445,47427,49420,47918,47458
46798,46320,46165,46183,48792,46841,46121
43131,43070,42890,43071,45329,43342,43097
46969,46359,46370,46222,49359,46829,46293
39640,39293,38551,38389,42178,40492,38448
44983,44423,44269,43821,47800,44566,44012
46388,46077,46024,45793,47746,46286,45808
2416,2419,2399,2399,3530,2482,2399
2079,2013,2013,2013,2854,2068,2013
2395,2329,2329,2327,4359,2327,2329
2101,2101,2044,2044,2673,2101,2044
2022,1981,1981,1981,3219,2029,1981
2433,2401,2398,2398,3127,2404,2401
2427,2354,2320,2320,3218,2363,2320
2464,2456,2442,2442,3902,2451,2442
2278,2133,2131,2109,3169,2131,2109
2420,2401,2384,2384,3773,2401,2384
16767,16683,16498,16487,19831,17038,16531
16653,16676,16645,16628,20108,16773,16643
17007,16377,16377,16377,20199,16731,16475
17608,17320,17228,17151,19017,17288,17193
16468,16319,16319,16319,21292,16401,16319
17065,16796,16796,16796,17981,17018,16796
17533,17191,16979,16967,21549,17581,17013
17641,17313,17244,17271,19735,17634,17244
17256,17316,16921,16837,19498,17728,16812
16355,16094,15912,15912,20616,16404,15887
44737,44377,44160,44140,47762,44879,44119
51885,51483,51329,51143,54543,51918,51248
49844,49189,48623,48318,50512,49443,48526
49783,49575,49356,49400,53340,50481,49364
47769,46622,46520,46431,49885,47838,46482
46161,46267,45021,44925,49135,46560,45081
46578,46413,45958,45715,49658,47579,46090
49210,48683,48683,48583,51901,49116,48569
52193,51861,51481,51429,54968,52745,51466
46973,46041,45678,45650,49180,48565,45818
2086,2049,2049,2049,2709,2178,2049
2989,2970,2943,2899,4789,3065,2905
2155,2125,2121,2121,2793,2121,2121
2280,2286,2286,2257,3407,2352,2257
2237,2267,2237,2237,3873,2237,2237
2677,2630,2630,2630,3347,2677,2630
2062,2034,2034,2034,2854,2139,2034
2981,2955,2955,2955,3914,2955,2955
2098,2082,2082,2082,2690,2082,2082
2176,2176,2176,2176,3941,2203,2176
19560,19646,19546,19537,20828,19656,19500
18130,17893,17745,17637,20745,18073,17752
17467,16981,16849,16744,19693,17461,16795
16855,16675,16497,16466,19005,16855,16497
19903,19767,19488,19442,22490,19996,19480
18061,18107,17662,17732,22297,18073,17655
15853,15515,15507,15490,18309,15859,15457
16070,15849,15849,15789,18199,16006,15789
19146,18620,18571,18549,20543,19205,18557
17886,17543,17483,17450,19921,17607,17466
50167,49697,49523,49492,55153,49998,49475
49842,49759,49234,49291,53548,50134,49163
50048,49513,49379,49238,52957,49688,49351
48123,47689,47636,47456,50037,48124,47529
48250,47913,47602,47717,51920,48277,47745
47308,46826,46508,46511,49309,47536,46540
47804,47677,47330,47302,50781,48324,47330
49772,48810,48673,48713,53079,49676,48601
51594,50211,50098,49975,54091,51501,49777
51864,51142,50909,50651,54123,51546,50749
0,0,0,0,0,0,0
0,0,0,0,0,0,0
0,0,0,0,0,0,0
0,0,0,0,0,0,0
0,0,0,0,0,0,0
0,0,0,0,36,0,0
0,0,0,0,0,0,0
0,0,0,0,0,0,0
0,0,0,0,0,0,0
0,0,0,0,0,0,0
8798,8581,8418,8418,13102,8427,8418
1910,1910,1910,1910,2405,1927,1910
5480,5464,5409,5374,10428,5435,5378
8228,8208,8203,8203,13350,8243,8195
3084,3084,3083,3084,6934,3368,3084
5122,5086,5070,5035,8028,5097,5035
4422,4422,4422,4422,7731,4431,4422
5642,5531,5395,5381,10118,5705,5381
7166,7189,6963,6963,14327,7190,6963
7490,7080,7079,7104,12964,7195,7084
35476,34402,34218,34186,39168,34645,34218
36219,35837,35670,35595,41369,36306,35593
32388,31421,31022,30992,42681,32303,31006
29999,29650,29620,29644,38984,30156,29681
39986,39401,39288,39267,46223,40715,39214
31349,31122,30779,30779,40360,31544,30779
35503,34847,34772,34759,46742,35540,34823
35901,35073,34953,34837,42996,35400,34708
27809,27297,27282,26978,33791,27430,27050
38617,38092,38000,37974,45064,38488,37995
0,0,0,0,0,0,0
0,0,0,0,0,0,0
0,0,0,0,0,0,0
0,0,0,0,0,0,0
0,0,0,0,0,0,0
0,0,0,0,0,0,0
0,0,0,0,0,0,0
0,0,0,0,0,0,0
0,0,0,0,0,0,0
0,0,0,0,0,0,0
5961,5893,5870,5870,12094,6056,5877
4752,4611,4559,4559,7862,4588,4541
5800,5880,5657,5607,9642,6025,5608
6176,5716,5714,5707,8272,5792,5711
8906,8838,8838,8838,12361,9095,8838
4249,4245,4245,4245,6450,4245,4245
2683,2686,2683,2683,5510,2690,2683
6373,6288,6288,6275,11278,6511,6265
5488,5368,5286,5306,10126,5627,5233
3696,3691,3678,3652,5018,3694,3652
35706,35071,35000,35008,42755,35690,34929
44460,42492,42440,42214,48538,43029,42209
46467,45739,45739,45684,51773,46267,45637
28616,28296,27934,27982,38398,28427,28000
41111,40573,40290,40190,46989,40933,40208
37021,36012,35427,35729,44314,37423,35566
44530,43763,43332,43153,53153,43767,43150
34902,34633,34115,34099,43295,35317,34149
31966,31261,30980,30847,42124,31164,30833
38364,36926,36926,36827,44544,37482,36791
0,0,0,0,0,0,0
0,0,0,0,0,0,0
0,0,0,0,0,0,0
0,0,0,0,0,0,0
0,0,0,0,0,0,0
0,0,0,0,0,0,0
0,0,0,0,0,0,0
0,0,0,0,0,0,0
0,0,0,0,0,0,0
0,0,0,0,0,0,0
8717,8499,8479,8469,15888,8656,8490
5494,5575,5290,5280,8300,5414,5274
4620,4553,4550,4549,6870,4595,4549
5764,5248,5261,5116,10524,5449,5116
5433,5248,5109,5110,7148,5275,5110
3257,3275,3254,3254,4352,3257,3254
5820,6072,5740,5727,9390,5868,5727
6807,6496,6444,6439,12354,6633,6434
5094,4945,4857,4876,7735,4933,4861
8681,8436,8186,8182,21029,8922,8182
43537,42308,42161,42090,50198,43743,42142
36057,35667,35667,35367,43455,35529,35252
39803,39121,38252,38263,46492,39510,38330
38590,38168,37889,37912,45972,38772,37813
42309,42702,41652,41516,48268,43410,41390
41065,40124,39886,39833,48088,40890,39893
34403,33955,33902,33831,41675,34429,33926
38421,37723,37289,37080,45416,38160,37172
41927,41548,40985,40963,51685,42043,40994
40709,40460,39929,39826,48137,41319,39857
0,0,0,0,0,0,0
0,0,0,0,0,0,0
0,0,0,0,0,0,0
0,0,0,0,0,0,0
0,0,0,0,0,0,0
0,0,0,0,0,0,0
0,0,0,0,0,0,0
0,0,0,0,0,0,0
0,0,0,0,0,0,0
0,0,0,0,0,0,0
0,0,0,0,0,0,0
0,0,0,0,0,0,0
0,0,0,0,0,0,0
2135,2056,1968,1972,6209,2629,1968
299,294,294,294,542,316,294
0,0,0,0,0,0,0
629,625,625,625,1515,631,625
0,0,0,0,0,0,0
0,0,0,0,0,0,0
97,66,66,66,123,66,66
35798,34548,34395,34477,43250,35725,34345
34038,33460,33143,33148,42279,34187,33139
35577,35294,34999,34965,44786,36155,34996
27691,27047,26985,26985,38155,27467,26986
36735,35915,35915,35915,40901,36447,35914
38984,38372,38334,38341,45336,38935,38345
31747,31406,31310,31284,40909,31830,31288
45201,44368,43939,44009,50328,45117,44102
23120,22679,22521,22496,39235,22961,22546
44098,43045,43032,42782,48212,43867,42744
0,0,0,0,0,0,0
0,0,0,0,0,0,0
0,0,0,0,0,0,0
0,0,0,0,0,0,0
0,0,0,0,0,0,0
0,0,0,0,0,0,0
0,0,0,0,0,0,0
0,0,0,0,0,0,0
0,0,0,0,0,0,0
0,0,0,0,0,0,0
5133,5033,5033,5033,6980,5238,5033
0,0,0,0,0,0,0
1486,1288,1249,1249,3852,1404,1249
0,0,0,0,0,0,0
297,305,281,281,508,301,281
10,0,0,0,35,0,0
0,0,0,0,0,0,0
0,0,0,0,11,0,0
527,528,503,503,1254,568,503
0,0,0,0,0,0,0
44636,44229,44166,44085,50225,44812,44154
26096,25640,25635,25310,34273,26794,25413
38411,38155,37565,37369,43842,38269,37576
41991,41321,41059,40964,48028,41735,40985
42664,42260,42056,41868,50592,43145,41760
45640,45800,44934,44943,50957,46893,44927
44497,43742,43549,43282,54866,44040,43462
29534,29318,29004,28880,38870,29873,29110
21811,21341,21046,21069,35457,21911,21082
41701,40494,40430,40386,46180,41366,40381
0,0,0,0,0,0,0
0,0,0,0,0,0,0
0,0,0,0,0,0,0
0,0,0,0,0,0,0
0,0,0,0,0,0,0
0,0,0,0,0,0,0
0,0,0,0,0,0,0
0,0,0,0,0,0,0
0,0,0,0,0,0,0
0,0,0,0,0,0,0
0,0,0,0,0,0,0
482,478,462,462,1572,462,462
22,22,22,22,22,22,22
0,0,0,0,90,0,0
0,0,0,0,0,0,0
194,194,191,191,639,191,191
2332,2118,2068,2068,3287,2175,2068
5219,5034,4968,4957,9982,5002,5034
0,0,0,0,0,0,0
450,436,435,438,593,470,435
56692,56158,55803,55882,59271,57036,56017
32491,32043,31969,31961,39017,32584,31991
52967,53088,52276,52232,56491,54048,52113
22747,22385,22336,22370,36406,22847,22280
36878,36489,36217,35941,46055,36717,35964
34129,33774,33637,33607,38946,34065,33619
38406,37840,37481,37571,45281,38521,37273
47870,47443,47255,47048,51195,48135,47342
38197,37789,37571,37639,41890,38176,37556
40996,40370,40168,39887,45837,40445,39773
3877,3804,3777,3777,6204,3800,3777
4309,4302,4302,4302,6069,4358,4302
3930,3853,3853,3853,6618,3876,3877
4335,4343,4329,4329,6520,4508,4329
5303,5198,5187,5187,9029,5264,5187
4484,4533,4346,4345,6963,4389,4345
5090,5029,5029,5029,8886,5466,5029
4198,4198,4161,4161,6969,4161,4161
3467,3384,3359,3359,5308,3473,3359
4714,4502,4444,4444,7560,4595,4444
36529,35564,35043,34914,45044,35393,34912
35092,34908,34533,34542,39890,35069,34533
37210,37168,37090,37063,41138,37205,37063
39926,38321,38223,38036,44138,39064,38098
33492,33075,32474,32653,41493,33823,32650
33338,33361,32983,33057,38787,33503,33120
37225,36737,36669,36665,46895,37147,36662
32971,32599,32480,32595,38457,33197,32528
32036,31052,30634,30405,34991,31685,30369
36331,36104,35490,35428,40530,36338,35350
95088,93980,92644,92984,96701,94258,92815
99196,96646,96286,96066,104616,98629,96003
99750,97770,97169,97208,110151,99340,97142
97300,94686,94195,93790,100570,96994,93658
96582,94419,93832,93939,102974,96701,94032
100027,97748,97486,97296,108734,100209,97520
92069,89818,89142,89075,99191,93749,89059
90763,89309,88817,89189,99108,91370,88800
92208,91032,90405,90429,102941,93089,90500
104149,102932,102470,102370,110718,104046,102377
4447,4383,4383,4383,6473,4419,4383
4642,4638,4619,4619,7484,4674,4623
5181,5176,5099,5099,8422,5176,5099
4358,4213,4191,4191,7346,4229,4207
5197,5063,4995,4992,7796,5162,4992
4749,4629,4611,4611,7237,4824,4611
5061,5197,4889,4878,6592,5056,4878
4850,4670,4691,4629,6119,4931,4635
5317,5277,5108,5081,8889,5499,5129
4125,4001,4001,3974,5474,4027,4001
38931,37865,37498,37383,46411,38830,37366
37217,35805,35798,35771,41623,37194,35837
40534,39827,39152,39185,48547,40338,39144
35523,35233,34891,34902,42802,36095,34944
37655,36928,36743,36649,43613,37976,36667
34083,33989,33638,33614,41755,34185,33700
37882,37228,37158,37131,47493,37964,37098
37616,37142,36826,36677,44337,37693,36838
37254,36267,36238,36217,44312,37273,36211
34701,33843,33749,33718,42055,34364,33690
110635,108731,107275,107206,119280,108368,107110
102411,101278,100814,100732,108129,102111,100466
111765,108711,108098,108182,117883,110674,108922
103818,102038,101560,101395,109246,105289,100712
100390,98113,97982,97574,107491,100253,97923
105425,101858,101822,101461,110666,105468,101883
103792,102121,101040,101063,108617,102927,100280
109454,105863,105610,105473,113835,108450,106183
99934,98051,98040,97710,110021,99212,97862
109445,106415,106059,106415,115793,109153,106548
4386,4397,4361,4361,7420,4396,4361
4589,4783,4571,4571,9602,4823,4571
4893,4813,4707,4707,8653,4809,4707
4105,4018,4018,4018,5385,4022,4018
4644,4528,4475,4477,7462,4571,4475
4806,4895,4768,4718,6647,4805,4718
4321,4195,4196,4127,8479,4198,4133
4394,4401,4322,4322,6664,4372,4322
4336,4336,4336,4336,7106,4452,4336
4659,4610,4617,4610,6637,4634,4610
40387,39491,39491,39491,44253,40345,39336
38589,38167,37889,37813,43131,39043,37886
39791,39024,38798,38800,44090,40345,38894
42220,41348,41198,40776,47329,42047,40845
38366,37848,37529,37424,47617,38553,37350
38566,37520,37496,37464,46765,38442,37536
39836,38294,37871,37449,45807,38997,37737
38676,38435,38106,38037,45367,38574,38037
38777,38421,38183,38029,45313,38473,37697
35500,34970,34970,34714,42537,36131,34576
104391,102366,102184,102204,113106,105098,102257
105305,104260,102902,101896,110812,104582,101754
112265,110648,110345,109346,119023,113026,109770
106384,104169,103357,102596,114865,106278,103148
111530,108770,108122,107890,120480,109277,108222
105757,104637,103716,102855,117048,105938,103353
103411,102205,102203,102203,116628,103997,102279
109913,105795,105795,105789,119812,108141,106157
103053,101126,100838,101104,108962,102744,101089
98679,97606,96920,96513,113720,99670,96815
0,0,0,0,0,0,0
0,0,0,0,0,0,0
0,0,0,0,0,0,0
0,0,0,0,0,0,0
0,0,0,0,0,0,0
0,0,0,0,0,0,0
0,0,0,0,0,0,0
0,0,0,0,0,0,0
0,0,0,0,0,0,0
0,0,0,0,0,0,0
9816,9232,9181,9152,15317,9730,9152
13378,12907,12697,12621,19747,13382,12482
18748,17918,17849,17469,35777,18101,17550
7641,7526,7526,7524,16048,7730,7525
12098,12314,11907,11907,22154,12079,11904
10385,10239,10112,10017,17167,10197,9955
11351,11687,10846,10795,25295,11274,10785
8121,8012,7985,7955,13039,8205,8031
11862,11203,11052,11027,24679,11476,11059
11930,11481,11441,11413,18492,11849,11447
75359,73847,73017,73013,94302,75421,73391
85893,83120,82261,81004,105262,84510,80943
66336,64884,64642,64349,78045,67022,64432
75931,74044,73642,73602,88039,74498,73526
66443,65204,64663,64366,88322,66260,64385
78251,76693,76009,76364,98172,78691,75919
68751,67405,66456,66786,88161,70605,66541
70696,67168,66996,67168,86349,69203,67391
70664,70006,68497,68920,96566,71949,68630
65695,64305,63959,63692,87011,66012,64040
0,0,0,0,0,0,0
0,0,0,0,0,0,0
0,0,0,0,0,0,0
0,0,0,0,0,0,0
0,0,0,0,0,0,0
0,0,0,0,0,0,0
0,0,0,0,0,0,0
0,0,0,0,0,0,0
0,0,0,0,0,0,0
0,0,0,0,0,0,0
7445,7347,7347,7347,12335,7417,7347
9761,9631,9360,9335,14349,9620,9341
11169,10605,10518,10538,17622,10830,10544
8781,8479,8395,8190,17569,8786,8211
6926,6755,6755,6735,10986,6960,6735
15548,14232,13880,13955,34865,15156,13911
11034,10541,10534,10518,21268,10673,10420
6192,6161,6146,6139,9996,6249,5991
8897,8759,8759,8752,12585,8900,8759
7155,7127,7127,7127,9036,7167,7127
76431,71875,70834,70820,94419,73249,70697
63635,62054,61897,61919,90184,64418,62020
59253,57838,57838,57251,85419,59468,57416
84761,82590,81545,81183,109481,88811,81052
88709,86259,86259,85260,107933,90205,86242
76923,75935,75678,75019,99209,78322,75059
83840,82976,82931,82551,101054,84319,82261
76730,74703,74029,73582,101872,77885,73682
74152,71588,71160,71266,103478,74168,71409
104712,101870,101699,100569,118452,105218,100657
0,0,0,0,0,0,0
0,0,0,0,0,0,0
0,0,0,0,0,0,0
0,0,0,0,0,0,0
0,0,0,0,0,0,0
0,0,0,0,0,0,0
0,0,0,0,0,0,0
0,0,0,0,0,0,0
0,0,0,0,0,0,0
0,0,0,0,0,0,0
13564,13134,13129,13056,21299,13295,12939
10298,9707,9690,9677,19418,10109,9677
7466,7601,7601,7601,11662,7783,7389
11006,10743,10653,10599,18551,10827,10601
11765,11506,11265,11486,22779,11794,11334
10550,10385,10329,10329,16846,10595,10329
19632,18410,18007,17985,34276,19482,17811
8768,8727,8586,8577,13035,9043,8575
10720,10435,10319,10299,15431,10984,10299
13365,13165,12882,12852,29749,13943,12806
59981,58659,58507,57964,89742,59946,58147
91884,89142,88744,87711,108950,91662,87721
68541,66346,65895,65039,90531,67163,64600
71431,69726,69726,69435,94029,71826,69596
94364,91428,91296,91196,111314,94683,91251
74601,72735,72735,72681,100428,75036,72480
99042,96204,96104,95771,119441,98309,96252
87481,83921,82782,82085,103070,86636,82117
90708,86076,86076,86071,106445,89517,85926
78058,75458,75368,75304,99389,78589,75243
0,0,0,0,0,0,0
0,0,0,0,0,0,0
0,0,0,0,0,0,0
0,0,0,0,0,0,0
0,0,0,0,0,0,0
0,0,0,0,0,0,0
0,0,0,0,0,0,0
0,0,0,0,0,0,0
0,0,0,0,0,0,0
0,0,0,0,0,0,0
0,0,0,0,0,0,0
0,0,0,0,0,0,0
0,0,0,0,0,0,0
0,0,0,0,0,0,0
535,509,493,493,599,530,493
0,0,0,0,0,0,0
0,0,0,0,0,0,0
0,0,0,0,0,0,0
11,0,0,0,0,0,0
0,0,0,0,141,0,0
84137,81526,81434,81364,103803,84458,81270
84065,81816,81313,81185,99255,84151,81296
53880,51846,51081,50637,82207,53333,50708
53555,51248,51104,51161,79828,53361,51086
91509,87846,86678,86176,110748,89953,86022
54046,52326,51459,51166,83066,53909,51347
67470,64889,64687,64650,90583,67113,64669
67358,64907,64603,64800,93491,66562,64706
89572,85651,85183,85122,109130,89663,85124
56788,53810,53410,52992,76294,57697,53278
0,0,0,0,0,0,0
0,0,0,0,0,0,0
0,0,0,0,0,0,0
0,0,0,0,0,0,0
0,0,0,0,0,0,0
0,0,0,0,0,0,0
0,0,0,0,0,0,0
0,0,0,0,0,0,0
0,0,0,0,0,0,0
0,0,0,0,0,0,0
0,0,0,0,0,0,0
0,0,0,0,0,0,0
0,0,0,0,0,0,0
0,0,0,0,252,0,0
0,0,0,0,0,0,0
0,0,0,0,0,0,0
5059,4962,4905,4895,8183,5039,4895
585,585,585,585,1068,683,585
6770,6285,6096,6089,16333,6706,6097
0,0,0,0,0,0,0
46234,45683,45415,45348,70608,46530,45153
70805,68714,67787,67571,100078,71377,67112
58661,56586,56528,56236,93708,58994,56130
61889,60282,60119,59314,81570,62616,59323
54265,53204,52671,51391,80977,56714,51279
93548,90414,90322,90217,119650,93712,90422
79932,80132,77673,77304,105675,80543,76700
74348,72390,71909,71914,104469,74858,72026
78763,75564,74844,74715,99328,77566,74769
70346,67266,67212,67266,102281,72288,67239
0,0,0,0,0,0,0
0,0,0,0,0,0,0
0,0,0,0,0,0,0
0,0,0,0,0,0,0
0,0,0,0,0,0,0
0,0,0,0,0,0,0
0,0,0,0,0,0,0
0,0,0,0,0,0,0
0,0,0,0,0,0,0
0,0,0,0,0,0,0
0,0,0,0,0,0,0
0,0,0,0,0,0,0
0,0,0,0,0,0,0
0,0,0,0,0,0,0
0,0,0,0,83,0,0
1917,1724,1724,1684,7560,2124,1684
0,0,0,0,0,0,0
371,370,370,369,1906,398,369
134,73,73,73,447,73,73
1375,1530,1132,1143,5471,1537,1143
65134,63271,63003,62763,89015,65064,62968
87570,84243,84103,83944,105811,88353,83572
74619,71299,70652,70525,97848,74120,70369
49865,48706,48452,48658,70562,50477,48443
97874,94798,94798,94766,112009,98881,94736
67126,64575,64575,64565,89848,66696,64475
90558,88328,88324,88234,108724,92114,87919
67253,65559,65490,65131,92558,68953,65065
82650,79868,79722,79752,106663,82675,79432
36201,33996,33996,33996,56109,36439,33949
